ID,original_length,rate_sim_1,dist_sim_1,rate_fbqs_1,dist_fbqs_1,rate_sim_2,dist_sim_2,rate_fbqs_2,dist_fbqs_2,rate_sim_5,dist_sim_5,rate_fbqs_5,dist_fbqs_5,rate_sim_10,dist_sim_10,rate_fbqs_10,dist_fbqs_10,rate_sim_20,dist_sim_20,rate_fbqs_20,dist_fbqs_20,rate_sim_40,dist_sim_40,rate_fbqs_40,dist_fbqs_40,rate_sim_60,dist_sim_60,rate_fbqs_60,dist_fbqs_60,rate_sim_80,dist_sim_80,rate_fbqs_80,dist_fbqs_80,rate_sim_100,dist_sim_100,rate_fbqs_100,dist_fbqs_100,rate_sim_1000,dist_sim_1000,rate_fbqs_1000,dist_fbqs_1000,rate_sim_10000,dist_sim_10000,rate_fbqs_10000,dist_fbqs_10000
1,588,0.4523809523809524,2996.66,0.24319727891156462,6349.69,0.4302721088435374,2996.66,0.24829931972789115,6356.11,0.4098639455782313,2996.66,0.23809523809523808,5224.87,0.3758503401360544,2996.66,0.23299319727891157,5224.67,0.32142857142857145,2996.66,0.21258503401360543,5224.67,0.3163265306122449,3073.55,0.1836734693877551,6940.78,0.30272108843537415,3022.29,0.15136054421768708,6940.78,0.3282312925170068,2996.66,0.1326530612244898,4770.56,0.282312925170068,4005.58,0.12244897959183673,6349.69,0.21768707482993196,13995.3,0.10034013605442177,6928.98,0.282312925170068,18693.5,0.02891156462585034,13805.6
2,1674,0.8697729988052568,362.787,0.44683393070489846,5579.49,0.8643966547192353,363.656,0.44683393070489846,5579.49,0.8494623655913979,362.881,0.44623655913978494,5579.49,0.8345280764635603,1788.82,0.44683393070489846,5579.49,0.7968936678614098,6376.52,0.44683393070489846,5579.49,0.7664277180406213,6374.26,0.4444444444444444,7004.25,0.7311827956989247,6688.52,0.4432497013142174,7003.79,0.7037037037037037,9305.15,0.44563918757467147,7003.79,0.6810035842293907,9420.83,0.44384707287933095,7003.79,0.25029868578255676,26319.9,0.35185185185185186,8016.04,0.52389486260454,26621.5,0.05913978494623656,20550.4
3,1371,0.46316557257476293,13049,0.24361779722830051,8753.32,0.4660831509846827,11661.5,0.24215900802334062,8733.48,0.4646243617797228,11661.5,0.24361779722830051,8742.65,0.47045951859956237,225.793,0.24507658643326038,8742.65,0.4653537563822028,496.824,0.24361779722830051,8742.65,0.4485776805251641,1838.61,0.24434719183078046,8741.25,0.42523705324580596,12742.4,0.24288840262582057,8741.25,0.4412837345003647,798.763,0.24215900802334062,8742.65,0.437636761487965,798.763,0.23924142961342085,27259.7,0.21444201312910285,28929,0.21079504011670314,5597.92,0.2312180889861415,29142.7,0.046681254558716266,11350.2
4,672,0.19642857142857142,4810.41,0.10119047619047619,6166.13,0.19047619047619047,4810.41,0.10119047619047619,12819.1,0.16964285714285715,6627.22,0.10416666666666667,12819.1,0.16964285714285715,6627.22,0.09821428571428571,12819.1,0.16666666666666666,16333.1,0.08928571428571429,12819.1,0.17410714285714285,8731.87,0.09226190476190477,12819.1,0.17261904761904762,11985.8,0.09226190476190477,12819.1,0.17261904761904762,8731.87,0.08928571428571429,12819.1,0.17261904761904762,8731.87,0.08928571428571429,12819.1,0.14136904761904762,12820.7,0.07886904761904762,6184.33,0.08482142857142858,15345.9,0.028273809523809524,12926.9
5,798,0.39097744360902253,232.991,0.20676691729323307,8333.84,0.37218045112781956,12268.9,0.20426065162907267,8328.84,0.38972431077694236,141.421,0.19674185463659147,18226.4,0.38220551378446116,141.421,0.20175438596491227,20018.9,0.38596491228070173,141.571,0.20300751879699247,20128.1,0.38345864661654133,100.073,0.19799498746867167,19999.3,0.38220551378446116,1649.26,0.19799498746867167,20164.7,0.37844611528822053,1649.5,0.19674185463659147,20128.1,0.36716791979949875,2497.96,0.19674185463659147,20128.1,0.22431077694235588,20070.3,0.18295739348370926,20628.2,0.16791979949874686,29520.2,0.06390977443609022,13467.1
6,792,0.6161616161616161,70.7107,0.32575757575757575,310114,0.6111111111111112,70.7107,0.3207070707070707,310114,0.5669191919191919,7110.11,0.3181818181818182,10818.5,0.5871212121212122,7111.17,0.3181818181818182,10818.9,0.5467171717171717,7111.17,0.30176767676767674,310114,0.5202020202020202,350.44,0.2840909090909091,310114,0.5113636363636364,350.44,0.2803030303030303,310114,0.5113636363636364,1911.89,0.27904040404040403,310114,0.5202020202020202,985.158,0.2777777777777778,10818.9,0.255050505050505,104845,0.2474747474747475,310114,0.22727272727272727,105096,0.08585858585858586,310205
7,454,0.7180616740088106,4019.95,0.3590308370044053,22467.6,0.7180616740088106,4019.95,0.3590308370044053,22467.6,0.7180616740088106,4019.95,0.3590308370044053,22467.6,0.7180616740088106,4019.95,0.3590308370044053,22467.6,0.7136563876651982,4040.06,0.3590308370044053,22467.6,0.7048458149779736,4040.06,0.3590308370044053,22467.6,0.6960352422907489,4040.06,0.3590308370044053,22467.6,0.6696035242290749,5019.71,0.3590308370044053,22467.6,0.6607929515418502,10682.2,0.3590308370044053,22467.6,0.3986784140969163,21990.4,0.34140969162995594,23766.6,0.3237885462555066,27241.3,0.1211453744493392,26675.8
8,5,0.2,-1,0.2,-1,0.2,-1,0.0,-1,0.2,-1,0.0,-1,0.2,-1,0.0,-1,0.2,-1,0.0,-1,0.2,-1,0.0,-1,0.2,-1,0.0,-1,0.2,-1,0.0,-1,0.2,-1,0.0,-1,0.2,-1,0.0,-1,0.2,-1,0.0,-1
9,643,0.7962674961119751,5608.03,0.39968895800933124,9726.16,0.7962674961119751,5608.03,0.39968895800933124,9726.16,0.7947122861586314,5608.03,0.39968895800933124,9726.16,0.7916018662519441,5638.78,0.39968895800933124,9726.16,0.7853810264385692,5648.59,0.39968895800933124,9726.16,0.7729393468118196,5648.59,0.39968895800933124,9726.16,0.7651632970451011,8085.44,0.39968895800933124,9726.16,0.7558320373250389,8085.44,0.39968895800933124,9726.16,0.7433903576982893,8085.44,0.39968895800933124,9726.16,0.5007776049766719,33838.4,0.37169517884914466,9428.68,0.4727838258164852,21529.2,0.08553654743390357,13801.2
10,5617,0.562221826597828,6721.44,0.39718711055723693,3002.94,0.5360512729214884,5227.74,0.39718711055723693,3002.94,0.4213993234822859,16165.9,0.394694676873776,3703.04,0.28075485134413386,29234.2,0.39327042905465553,3703.04,0.1694854904753427,41360.9,0.3833006943208118,3703.04,0.12088303364785473,59620.3,0.36229303898878407,3703.04,0.14669752536941427,59620.3,0.35018693252625954,3703.04,0.14064447213815204,59620.3,0.3416414456115364,3703.04,0.16699305679188178,59620.3,0.33202777283247287,3002.94,0.09773900658714617,41330.2,0.12978458251735803,25163.8,0.33719067117678475,31660.6,0.009613672779063557,9580.26
11,703,0.8165007112375533,500,0.42532005689900426,4688.43,0.802275960170697,503.125,0.42532005689900426,4688.43,0.7823613086770982,3127.29,0.4238975817923186,4688.43,0.7524893314366998,3126.05,0.4238975817923186,4688.43,0.716927453769559,4418.49,0.4167852062588905,4688.43,0.6685633001422475,6365.55,0.41251778093883357,4682.34,0.6372688477951636,6367.64,0.4096728307254623,4682.34,0.5960170697012802,6362.71,0.4096728307254623,4679.02,0.5889046941678521,5886.72,0.41251778093883357,4679.27,0.2702702702702703,13795.2,0.34281650071123754,2428.02,0.4879089615931721,13667.3,0.03556187766714083,14489.6
12,814,0.6977886977886978,1220.66,0.35872235872235875,19583.1,0.6953316953316954,1220.66,0.35872235872235875,19583.1,0.6658476658476659,19099.1,0.35995085995085996,19583.1,0.6498771498771498,19090.9,0.36363636363636365,19583.1,0.64004914004914,1511.72,0.36363636363636365,19583.1,0.5896805896805897,4762.17,0.36240786240786244,23246,0.5393120393120393,7615.22,0.35872235872235875,23246,0.5110565110565111,10870.7,0.3538083538083538,23246,0.45085995085995084,17055,0.35135135135135137,23246,0.20270270270270271,24053.2,0.28501228501228504,19298.8,0.1855036855036855,27919,0.06511056511056511,2.12286e+06
13,368,0.8722826086956522,2109.5,0.4483695652173913,10901.3,0.8722826086956522,2109.5,0.4483695652173913,10901.3,0.8722826086956522,2109.5,0.45652173913043476,5110.9,0.8668478260869565,2124.39,0.4483695652173913,5120.03,0.8614130434782609,2124.39,0.453804347826087,5124.01,0.842391304347826,2124.39,0.44565217391304346,5124.01,0.8369565217391305,2124.39,0.4429347826086957,10249.2,0.8206521739130435,2124.39,0.44565217391304346,5120.03,0.8206521739130435,2124.39,0.4429347826086957,5120.03,0.46195652173913043,19865.8,0.36141304347826086,10869.8,0.39402173913043476,24430.2,0.07065217391304347,15748
14,661,0.7231467473524962,2300,0.3691376701966717,14339.5,0.7110438729198184,2320.03,0.3691376701966717,14339.5,0.6898638426626323,2320.33,0.3661119515885023,14339.5,0.6565809379727685,2311.73,0.367624810892587,14339.5,0.594553706505295,6008.18,0.3600605143721634,14339.5,0.5703479576399395,3126.41,0.34795763993948564,14375.3,0.5219364599092284,4702.71,0.340393343419062,14375.3,0.5143721633888049,4944.5,0.3373676248108926,14375.3,0.4826021180030257,4944.5,0.3388804841149773,14375.3,0.14977307110438728,15475.6,0.2405446293494705,27753,0.09228441754916793,25908.7,0.025718608169440244,42605.2
15,1131,0.7374005305039788,1101.72,0.3881520778072502,9837.46,0.731211317418214,5521.78,0.38726790450928383,9837.46,0.7303271441202476,1566.78,0.38726790450928383,21271.6,0.695844385499558,3630.23,0.3837312113174182,21271.6,0.6816976127320955,7926.95,0.381078691423519,21271.6,0.6304155614500442,13537.8,0.3731211317418214,49037.3,0.6021220159151194,12703.1,0.3757736516357206,49037.3,0.5764809902740937,12743.8,0.3713527851458886,48909.7,0.5075154730327144,12691.9,0.3695844385499558,50346.7,0.25906277630415564,54913.7,0.30857648099027407,50346.7,0.20070733863837312,54790.6,0.0610079575596817,28850.2
16,4463,0.5937710060497423,141.699,0.41115841362312344,1.39828e+06,0.5621779072372843,1578.03,0.41115841362312344,1.39828e+06,0.45641944880125473,3911.93,0.41071028456195385,1.39828e+06,0.3432668608559265,9985.78,0.4102621555007842,1.39828e+06,0.23481962805287923,1.09201e+06,0.3981626708492046,1.09377e+06,0.09903652251848533,1.39829e+06,0.37127492717902755,1.39828e+06,0.07237284337889312,1.09201e+06,0.35850324893569346,1.39828e+06,0.16087833295989246,1.09374e+06,0.3479722159982075,1.39828e+06,0.20524311001568452,1.09374e+06,0.335648666816043,1.39828e+06,0.1277167824333408,1.09377e+06,0.12390768541339905,1.65157e+06,0.06990813354246023,73729.5,0.01546045261035178,1.39898e+06
17,1979,0.3840323395654371,7098.52,0.24103082364830722,50967.1,0.3617988883274381,7099.03,0.24103082364830722,50967.1,0.31531076301162203,6493.11,0.2385042950985346,41744.5,0.2834765032844871,4071.88,0.2354724608388075,50967.1,0.27033855482566954,2418.13,0.23092470944921678,50967.1,0.24658918645780697,5672.97,0.22587165234967155,41518.4,0.22081859525012631,22142,0.21475492673067206,51001.7,0.22536634663971702,22142,0.21273370389085397,51001.7,0.1975745325922183,22142,0.2046488125315816,51001.7,0.12935826174835777,314075,0.12177867609903992,66033.9,0.11975745325922182,50776.4,0.03436078827690753,50964.9
18,1615,0.19504643962848298,1.623e+06,0.1021671826625387,3.23721e+06,0.1913312693498452,1.623e+06,0.1021671826625387,3.23721e+06,0.1913312693498452,5563.68,0.10402476780185758,1.62301e+06,0.18947368421052632,5563.64,0.1021671826625387,3.23721e+06,0.18575851393188855,5564.07,0.10154798761609907,3.23721e+06,0.18204334365325078,5564.07,0.09535603715170278,3.23721e+06,0.17523219814241486,1.623e+06,0.09473684210526316,3.23721e+06,0.17523219814241486,1.623e+06,0.09411764705882353,3.23721e+06,0.17461300309597524,1.623e+06,0.09226006191950464,3.23721e+06,0.10154798761609907,9864.15,0.07925696594427245,1.623e+06,0.06377708978328174,3.23721e+06,0.017956656346749224,3.23721e+06
19,808,0.3217821782178218,2.63974e+06,0.1670792079207921,2.66848e+06,0.3193069306930693,2.63974e+06,0.1608910891089109,2.6685e+06,0.3131188118811881,2.63974e+06,0.1608910891089109,2.6685e+06,0.32301980198019803,1400,0.16584158415841585,2.6685e+06,0.31683168316831684,1408.44,0.1608910891089109,2.66811e+06,0.31683168316831684,1408.44,0.16212871287128713,2.6685e+06,0.3094059405940594,1407.08,0.16584158415841585,2.6685e+06,0.2995049504950495,2514.07,0.16831683168316833,2.66848e+06,0.2957920792079208,2514.07,0.16336633663366337,2.66848e+06,0.20915841584158415,10717.5,0.1547029702970297,2.66848e+06,0.06064356435643564,2.63974e+06,0.06806930693069307,2.6685e+06
20,1520,0.2875,5560.58,0.15526315789473685,5604.98,0.24539473684210528,11007.9,0.15263157894736842,6981.57,0.25592105263157894,8886.62,0.15526315789473685,6981.57,0.24802631578947368,8886.62,0.15986842105263158,5604.98,0.2361842105263158,8886.62,0.15723684210526315,10431.1,0.23289473684210527,16243.7,0.15,10431.1,0.2381578947368421,16243.7,0.1361842105263158,5604.98,0.23223684210526316,16248.7,0.1375,6981.57,0.24671052631578946,5611.51,0.13421052631578947,6981.57,0.13092105263157894,26348.6,0.10657894736842105,10431.1,0.0881578947368421,26789.7,0.038157894736842106,15651.8
21,1491,0.3145539906103286,100,0.1710261569416499,6185.98,0.3038229376257545,514.199,0.16834339369550638,6000.39,0.2743125419181757,33654.2,0.170355466130114,5047.3,0.2944332662642522,7278.43,0.1750503018108652,5223.58,0.30181086519114686,412.012,0.17236753856472167,6151.47,0.28303152246814217,21137.6,0.16901408450704225,5857.58,0.2837022132796781,21137.6,0.1643192488262911,6151.2,0.26894701542588867,4847.49,0.16230717639168343,5857.58,0.27565392354124746,6592.54,0.1602951039570758,5857.58,0.10596914822266935,31902,0.12810194500335345,6147.3,0.12810194500335345,42129.3,0.0335345405767941,10865.4
22,2,0.5,-1,0.5,-1,0.5,-1,0.5,-1,0.5,-1,0.5,-1,0.5,-1,0.5,-1,0.5,-1,0.5,-1,0.5,-1,0.5,-1,0.5,-1,0.5,-1,0.5,-1,0.5,-1,0.5,-1,0.5,-1,0.5,-1,0.5,-1,0.5,-1,0.5,-1
23,865,0.45664739884393063,546.961,0.2508670520231214,5613.32,0.45202312138728323,546.961,0.25780346820809247,6247.99,0.4346820809248555,6797.79,0.2520231213872832,6236.25,0.4369942196531792,18570.5,0.25549132947976877,6236.25,0.4254335260115607,18570.5,0.24739884393063583,7152.99,0.4138728323699422,6797.79,0.24161849710982658,8288.17,0.41040462427745666,6797.79,0.23121387283236994,8308.85,0.41040462427745666,6797.79,0.22890173410404624,8300.42,0.4092485549132948,3668.32,0.2254335260115607,8300.42,0.2947976878612717,9654.07,0.19537572254335261,6705.21,0.2208092485549133,20813.5,0.03699421965317919,12423.8
24,2030,0.8822660098522167,1261,0.4576354679802956,8478.5,0.8793103448275862,1262.75,0.4576354679802956,8478.5,0.861576354679803,1264.53,0.45320197044334976,1.07393e+06,0.8403940886699507,1927.65,0.45270935960591135,8489.94,0.7906403940886699,32431,0.45320197044334976,8476.29,0.7571428571428571,10866,0.4497536945812808,8487.14,0.7142857142857143,10876,0.4492610837438424,8487.14,0.6704433497536946,30037.6,0.44433497536945815,8487.14,0.6600985221674877,10867.1,0.4463054187192118,8487.14,0.2187192118226601,1.07593e+06,0.36847290640394087,1.074e+06,0.4600985221674877,32546.4,0.06748768472906404,1.07589e+06
25,2260,0.856637168141593,2692.61,0.4429203539823009,9808.16,0.8424778761061947,2798.82,0.4415929203539823,9808.16,0.8128318584070796,10511.9,0.4424778761061947,9808.16,0.8115044247787611,2308.01,0.4433628318584071,9808.16,0.7557522123893805,8800.02,0.4446902654867257,9808.16,0.7261061946902655,10066.3,0.4464601769911504,9808.16,0.6646017699115044,25404,0.4424778761061947,9808.16,0.6238938053097345,23750.5,0.44203539823008847,9808.16,0.6097345132743363,20394.7,0.4415929203539823,9808.16,0.2168141592920354,41120,0.3606194690265487,67611.9,0.38716814159292035,258750,0.060619469026548675,260368
26,1544,0.5984455958549223,0,0.30634715025906734,35940.6,0.5958549222797928,53.1985,0.30634715025906734,35940.6,0.5939119170984456,100.098,0.30634715025906734,35940.6,0.591321243523316,100.168,0.3076424870466321,35940.6,0.586139896373057,100.423,0.30634715025906734,4.58293e+06,0.5790155440414507,1192.02,0.30310880829015546,4.58293e+06,0.5699481865284974,1353.42,0.3011658031088083,35744,0.5576424870466321,6924.8,0.29857512953367876,35744,0.552461139896373,6924.8,0.29922279792746115,35744,0.3128238341968912,4.58293e+06,0.2661917098445596,36608.9,0.1327720207253886,57690.1,0.06994818652849741,4.58293e+06
27,1974,0.7411347517730497,830.703,0.3951367781155015,9575.07,0.7330293819655522,2204.97,0.39311043566362713,9575.07,0.6955420466058764,16121.7,0.3951367781155015,9575.07,0.6869300911854104,829.061,0.38703140830800403,9575.07,0.6469098277608916,4315.31,0.3860182370820669,9575.07,0.5947315096251267,29764.4,0.3880445795339412,9575.07,0.5734549138804458,29764.4,0.38753799392097266,9575.07,0.547112462006079,29766,0.3860182370820669,9575.07,0.5192502532928065,29766,0.3844984802431611,9575.07,0.22796352583586627,34288.1,0.3049645390070922,9562.59,0.35005065856129686,34014,0.057750759878419454,11957.7
28,6023,0.609995019093475,1580.75,0.33089822347667275,2703.91,0.5855885771210361,4932.01,0.32724555869168187,2703.91,0.4844761746637888,5237.25,0.3064917815042338,2711.88,0.3989706126515026,10413.9,0.28341358127179145,34479.4,0.3929935248215175,6182.67,0.24854723559687864,34371.4,0.3558027561016105,13289,0.22513697492943716,34413.9,0.2804250373567989,30788,0.22214843101444462,34413.9,0.2510376888593724,30788,0.22048812883944877,34413.9,0.23011788145442472,30788,0.21832973601195418,34413.9,0.061597210692346006,34629,0.15523825336211192,34398.7,0.21567325253196082,37914.1,0.02025568653494936,30116.3
29,1404,0.8383190883190883,859.8,0.4301994301994302,5088.94,0.8304843304843305,859.665,0.4309116809116809,5088.94,0.8198005698005698,860.349,0.42806267806267806,5088.94,0.7955840455840456,3655.1,0.4301994301994302,5088.94,0.7564102564102564,10049.1,0.4287749287749288,5088.94,0.73005698005698,7357.84,0.42450142450142453,5088.94,0.7015669515669516,9886.89,0.4252136752136752,5087,0.6816239316239316,11560.3,0.42236467236467234,5087,0.6652421652421653,11560.3,0.4188034188034188,5088.94,0.2934472934472934,27959.8,0.33547008547008544,5088,0.36752136752136755,34151,0.06623931623931624,12564.6
30,1966,0.8056968463886063,8634.82,0.42878942014242116,32142.4,0.7822990844354019,34832.6,0.42929806714140384,32142.4,0.7767039674465921,10146,0.4303153611393693,32141.1,0.7548321464903357,34843.6,0.42777212614445576,32141.1,0.7288911495422177,34892.8,0.427263479145473,32141.1,0.6759918616480163,34838.5,0.42472024415055953,32141.1,0.6195320447609359,16310.9,0.4231943031536114,32141.1,0.6154628687690743,16338.8,0.42166836215666326,32141.1,0.5284842319430315,34892.8,0.41912512716174977,32229.8,0.2273652085452696,32762.6,0.34333672431332657,6892.69,0.35961342828077314,38555.9,0.07222787385554426,32727.4
31,3602,0.7054414214325375,10421.2,0.43559133814547474,296962,0.6438089950027762,66323,0.43475846751804553,296962,0.5785674625208218,12083.5,0.43503609106052193,297083,0.47806774014436426,15568.3,0.4325374791782343,296962,0.30955024986118823,65860.8,0.42032204330927264,11621.6,0.32537479178234313,15692.4,0.4053303720155469,11621.6,0.2631871182676291,38582.5,0.3911715713492504,11620.4,0.24125485841199334,40574.7,0.38062187673514714,11620.4,0.2079400333148251,66804.7,0.3736812881732371,11620.4,0.1504719600222099,66272,0.18684064408661855,9322.95,0.29317046085508053,66841.4,0.02526374236535258,296233
32,550,0.6909090909090909,0,0.34,4844.59,0.6890909090909091,47.3453,0.34,4844.59,0.6890909090909091,47.3453,0.34,4844.59,0.6818181818181818,72.4049,0.33636363636363636,4844.59,0.6636363636363637,96.5441,0.3381818181818182,4844.59,0.6545454545454545,9905.96,0.33636363636363636,4844.59,0.6436363636363637,17061.7,0.33454545454545453,4844.59,0.6290909090909091,17061.7,0.33454545454545453,4844.59,0.6290909090909091,17061.7,0.3327272727272727,4844.59,0.3090909090909091,43594.9,0.3,9579.52,0.3418181818181818,21693.9,0.08545454545454545,13727.5
33,975,0.7261538461538461,1562.05,0.36512820512820515,5731.14,0.72,1572.69,0.36512820512820515,5731.14,0.717948717948718,1573.64,0.3682051282051282,5676.64,0.7107692307692308,1573.64,0.3671794871794872,5676.64,0.7046153846153846,1577.17,0.36615384615384616,5495.12,0.6923076923076923,1577.17,0.3712820512820513,5495.12,0.6861538461538461,1570.91,0.36923076923076925,5495.12,0.6758974358974359,1570.91,0.36512820512820515,5495.12,0.6635897435897435,2288.96,0.36102564102564105,5495.12,0.2635897435897436,22511.2,0.3148717948717949,6221.22,0.14666666666666667,48363.7,0.08717948717948718,17685.4
34,4594,0.6214627775359164,373.209,0.41575968654767087,30012.4,0.5685676969960819,5536.24,0.41575968654767087,30012.4,0.41249455811928604,8791.31,0.41575968654767087,30012.4,0.1458424031345233,34502.7,0.41401828471919894,49792.6,0.22442316064431866,15635.3,0.40095777100565955,49792.6,0.11275576839355682,43694.7,0.37897257292120157,49792.6,0.15280801044841097,37356.4,0.36808881149325207,49792.6,0.11993905093600349,67010.8,0.35524597300827165,50179.9,0.1454070526774053,37352.7,0.34697431432303005,50179.9,0.07292120156726165,37863,0.1458424031345233,50179.9,0.15302568567696995,78536.2,0.02002612102742708,56599.2
35,5621,0.6096779932396371,69309.8,0.41469489414694893,69733.5,0.5845934887030777,69309.8,0.4143390855719623,69733.5,0.4636185732076143,69309.8,0.4138053727094823,69733.5,0.3428215619996442,69309.8,0.4116705212595624,69733.5,0.22415940224159403,69309.8,0.3983276996975627,345187,0.1649172745063156,69309.8,0.3719978651485501,345187,0.17897171321828856,69309.8,0.36167941647393703,345187,0.2060131649172745,69309.8,0.3534958192492439,345187,0.17505781889343533,345187,0.3433552748621242,345187,0.11136808397082369,69309.8,0.14072229140722292,345187,0.05675146771037182,69688.6,0.017434620174346202,345187
36,464,0.625,100,0.3275862068965517,7832.84,0.6228448275862069,50,0.3297413793103448,7832.9,0.603448275862069,200,0.33405172413793105,8314.95,0.5991379310344828,111.978,0.3125,22906.6,0.5754310344827587,5919.28,0.3081896551724138,8317.8,0.5474137931034483,5919.28,0.28663793103448276,5981.59,0.5366379310344828,5919.28,0.27801724137931033,5973.92,0.5474137931034483,5955.19,0.25646551724137934,22906.6,0.5344827586206896,1367.9,0.25862068965517243,6543.77,0.4051724137931034,8863.07,0.21551724137931033,22940.6,0.21120689655172414,22964.8,0.09267241379310345,28343.1
37,426,0.6643192488262911,0,0.3403755868544601,495450,0.6596244131455399,0.000172633,0.3403755868544601,495450,0.6619718309859155,0.000172633,0.3403755868544601,495450,0.6455399061032864,395.517,0.3403755868544601,495450,0.6197183098591549,4844.62,0.3403755868544601,495450,0.5892018779342723,5875.82,0.33098591549295775,495450,0.5774647887323944,13071,0.32629107981220656,495450,0.5845070422535211,13071,0.32629107981220656,495450,0.57981220657277,13071,0.323943661971831,495450,0.4131455399061033,295251,0.2699530516431925,495445,0.3051643192488263,62818,0.11971830985915492,313275
38,1446,0.49100968188105115,2163.33,0.25587828492392806,6932.65,0.48893499308437066,2163.33,0.2565698478561549,5270.93,0.48824343015214383,2163.33,0.2517289073305671,29959.6,0.47441217150760717,2179.24,0.24619640387275243,29959.6,0.43568464730290457,18013.4,0.24965421853388658,29959.6,0.4536652835408022,2624.76,0.24204702627939143,30999.7,0.4280774550484094,4304.65,0.23374827109266944,29959.6,0.4197786998616874,4637,0.23098201936376211,30999.7,0.4170124481327801,6863.3,0.22959889349930843,29959.6,0.2648686030428769,10581.5,0.19847856154910096,31014.8,0.23236514522821577,35115.2,0.05325034578146611,29938.1
39,1890,0.6687830687830688,1104.54,0.3523809523809524,8121.58,0.6634920634920635,1104.54,0.3513227513227513,8114.3,0.6402116402116402,1763.18,0.3439153439153439,8117.39,0.6253968253968254,6901.72,0.33174603174603173,44205.9,0.6063492063492063,4885.28,0.3296296296296296,8124.31,0.5793650793650794,9734.74,0.3253968253968254,8124.31,0.5740740740740741,9734.74,0.317989417989418,8124.31,0.5544973544973545,10340.1,0.32116402116402115,8124.31,0.5502645502645502,10340.1,0.3164021164021164,8129.67,0.29788359788359786,41546.9,0.273015873015873,43828.1,0.1402116402116402,48705,0.07142857142857142,10325.2
40,7,0.7142857142857143,9305.91,0.0,-1,0.7142857142857143,9305.91,0.0,-1,0.7142857142857143,9305.91,0.0,-1,0.7142857142857143,9305.91,0.0,-1,0.7142857142857143,9305.91,0.0,-1,0.7142857142857143,9305.91,0.0,-1,0.7142857142857143,9305.91,0.0,-1,0.7142857142857143,9305.91,0.0,-1,0.7142857142857143,9305.91,0.0,-1,0.5714285714285714,9305.91,0.0,-1,0.5714285714285714,9305.91,0.0,-1
41,1792,0.45982142857142855,141.498,0.23660714285714285,20679.3,0.45479910714285715,614.439,0.23549107142857142,20679.3,0.4525669642857143,198.249,0.23493303571428573,20679.3,0.44754464285714285,198.687,0.23772321428571427,20679.3,0.43582589285714285,941.4,0.23214285714285715,20679.3,0.4095982142857143,5995.01,0.23325892857142858,20679.3,0.40011160714285715,4961.9,0.23549107142857142,20679.3,0.39285714285714285,4961.54,0.22879464285714285,20688.8,0.38839285714285715,4961.54,0.22488839285714285,20688.8,0.11160714285714286,35422.7,0.18805803571428573,20650,0.12667410714285715,35443.2,0.04241071428571429,20724.7
42,1575,0.49206349206349204,900.018,0.27111111111111114,44989.7,0.3473015873015873,44979.1,0.26857142857142857,44989.7,0.4749206349206349,44968.9,0.2653968253968254,45016.3,0.4641269841269841,44968.9,0.26285714285714284,45016.3,0.45714285714285713,44968.9,0.2577777777777778,45016.3,0.4311111111111111,5115.77,0.2507936507936508,45016.3,0.3942857142857143,11807.4,0.23873015873015874,45016.3,0.38412698412698415,20231.2,0.23492063492063492,45016.3,0.37587301587301586,20231.2,0.23555555555555555,45016.3,0.10666666666666667,57602.3,0.19428571428571428,45018.1,0.1034920634920635,75133.1,0.054603174603174605,45004.1
43,5,0.8,53953.5,0.4,47200.1,0.8,53953.5,0.4,47200.1,0.8,53953.5,0.4,47200.1,0.8,53953.5,0.4,47200.1,0.8,53953.5,0.4,47200.1,0.8,53953.5,0.4,47200.1,0.8,53953.5,0.4,47200.1,0.8,53953.5,0.4,47200.1,0.8,53953.5,0.4,47200.1,0.8,53953.5,0.4,47200.1,0.8,53953.5,0.0,-1
44,1603,0.3605739238927012,717.573,0.19401122894572675,7327.37,0.3718028696194635,100.597,0.19401122894572675,7326.63,0.36743605739238927,100.005,0.19900187149095447,7133.71,0.34809731752963197,29018.2,0.19213973799126638,7140.08,0.3574547723019339,1400.49,0.19026824703680598,7553.37,0.31877729257641924,29017.4,0.1933873986275733,7547.89,0.3194011228945727,4199.59,0.1784154709918902,7530.15,0.32626325639426074,4199.59,0.17779164067373673,7553.37,0.32751091703056767,4199.59,0.17404865876481598,7377.15,0.20274485339987525,14864.9,0.14348097317529632,30903.7,0.11041796631316282,87757.7,0.037429819089207735,29137.1
45,3,0.6666666666666666,4617.36,0.0,-1,0.6666666666666666,4617.36,0.0,-1,0.6666666666666666,4617.36,0.0,-1,0.6666666666666666,4617.36,0.0,-1,0.6666666666666666,4617.36,0.0,-1,0.6666666666666666,4617.36,0.0,-1,0.6666666666666666,4617.36,0.0,-1,0.6666666666666666,4617.36,0.0,-1,0.6666666666666666,4617.36,0.0,-1,0.6666666666666666,4617.36,0.0,-1,0.6666666666666666,4617.36,0.0,-1
46,1693,0.6692262256349675,1702.94,0.35144713526284704,6391.2,0.6574128765505021,1702.94,0.3455404607206143,6391.2,0.655050206733609,1713.86,0.3455404607206143,6368.87,0.6402835203780272,1717.02,0.3390431187241583,6390.06,0.6219728292971057,1717.02,0.33549911399881865,6391.2,0.5888954518606024,1713.48,0.3195510927347903,253162,0.5894861193148258,1719.15,0.31482575310100414,253162,0.5853514471352629,1715.44,0.30891907855877143,252017,0.5699940933254578,2203.05,0.3071470761961016,252017,0.2598936798582398,30816.7,0.2598936798582398,253162,0.238629651506202,36441.7,0.06142941523922032,252268
47,8,0.75,4295.35,0.375,21538.2,0.75,4295.35,0.375,21538.2,0.75,4295.35,0.375,21538.2,0.625,4295.35,0.375,21538.2,0.625,4295.35,0.375,21538.2,0.625,4295.35,0.375,21538.2,0.625,4295.35,0.375,21538.2,0.625,4295.35,0.375,21538.2,0.625,4295.35,0.375,21538.2,0.625,4295.35,0.375,21538.2,0.625,4295.35,0.25,71819
48,905,0.47624309392265196,3366.38,0.24751381215469614,11744.9,0.456353591160221,8012.52,0.24751381215469614,7043.35,0.4530386740331492,8319.63,0.24530386740331492,11719.4,0.44972375690607735,8012.52,0.24751381215469614,9571.68,0.44419889502762433,3337.66,0.24640883977900552,7064.85,0.4408839779005525,12659,0.24751381215469614,6778.89,0.4331491712707182,12124.3,0.24751381215469614,19579.9,0.4486187845303867,3356.15,0.2430939226519337,19582.3,0.4453038674033149,3358.52,0.23867403314917127,19579.9,0.29392265193370165,16683.9,0.2,20315.2,0.09502762430939227,28263.7,0.06298342541436464,20261.8
49,763,0.8387942332896461,670.82,0.42070773263433814,7470.75,0.8230668414154653,674.784,0.42070773263433814,7470.75,0.8152031454783748,674.784,0.42070773263433814,7470.75,0.7903014416775884,1514.99,0.42201834862385323,7470.75,0.7680209698558322,675.048,0.4259501965923984,7470.75,0.7051114023591087,1489.39,0.4259501965923984,7470.75,0.672346002621232,1519.24,0.42201834862385323,6528.96,0.6238532110091743,4689.82,0.42070773263433814,6528.96,0.6159895150720839,4692.63,0.42070773263433814,6528.96,0.2699868938401048,16128.2,0.34600262123197906,6538.42,0.4338138925294889,25339.6,0.04980340760157274,12988.9
50,576,0.7482638888888888,136.294,0.3871527777777778,2003.12,0.7517361111111112,100.684,0.3871527777777778,2003.12,0.7291666666666666,1101.9,0.3888888888888889,2412.04,0.6961805555555556,1100.88,0.390625,2011.5,0.6493055555555556,1123,0.390625,2011.5,0.6267361111111112,1100.81,0.390625,2011.5,0.5659722222222222,7580.49,0.390625,2009.76,0.5590277777777778,7578.62,0.3888888888888889,2009.76,0.5208333333333334,7578.62,0.3854166666666667,2009.76,0.2552083333333333,16543.8,0.2934027777777778,2442.75,0.3628472222222222,11030.9,0.04861111111111111,9212.47
51,858,0.7983682983682984,91.5166,0.42657342657342656,71716.4,0.7855477855477856,100.14,0.42657342657342656,71716.4,0.7645687645687645,600.169,0.4289044289044289,71716.4,0.7342657342657343,600.169,0.43006993006993005,7691.51,0.6748251748251748,5538.92,0.43006993006993005,71716.1,0.6445221445221445,7818.57,0.42657342657342656,72658.9,0.6293706293706294,7818.57,0.42773892773892774,72658.9,0.5885780885780886,8748.57,0.4289044289044289,72658.9,0.5209790209790209,9917.04,0.42424242424242425,72658.9,0.2692307692307692,29634.7,0.3414918414918415,30739.8,0.2902097902097902,93470.2,0.055944055944055944,71672.7
52,1059,0.8215297450424929,3202.5,0.43531633616619453,2270.84,0.777148253068933,5759.32,0.43531633616619453,2270.84,0.7884796978281398,3202.5,0.4343720491029273,2270.84,0.7507082152974505,1446.38,0.43248347497639283,2270.84,0.7157695939565628,1927.13,0.43153918791312557,2270.84,0.6109537299339,1.62606e+06,0.42776203966005666,2270.84,0.5712936732766761,1.62606e+06,0.42681775259678945,2270.26,0.559017941454202,1.62606e+06,0.4230406043437205,2270.26,0.5146364494806421,1.62606e+06,0.42398489140698775,2477.38,0.28895184135977336,22051.2,0.31728045325779036,6021.79,0.11331444759206799,23101.5,0.02644003777148253,1.63152e+06
53,1837,0.557974959172564,6806.61,0.2874251497005988,394119,0.5443658138268916,14693.6,0.2934131736526946,394119,0.5367446924333152,14693.6,0.2879695155144257,394119,0.5394665215024497,6806.61,0.28905824714207945,394457,0.5285792052259118,6806.61,0.28905824714207945,394646,0.5127925966249319,6806.61,0.2868807838867719,394646,0.4986390854654328,6855.86,0.2819814915623299,394646,0.47414262384322264,16038.2,0.27925966249319545,394646,0.4501905280348394,16002.8,0.27980402830702233,394457,0.11976047904191617,43117.9,0.23407729994556342,394094,0.21720195971692977,49312.9,0.05606967882416984,15551.5
54,1636,0.6051344743276283,100.109,0.3154034229828851,5362.26,0.6033007334963325,100.109,0.3154034229828851,5792,0.5678484107579462,8765.33,0.3160146699266504,8980.82,0.5874083129584352,3485.78,0.3141809290953545,10702,0.5874083129584352,934.3,0.3111246943765281,10715.4,0.5513447432762836,15307.8,0.3105134474327628,10686.3,0.5415647921760391,15311.3,0.30623471882640585,10713.1,0.5268948655256723,15311.3,0.30378973105134477,10713.1,0.5201711491442543,15311.3,0.30317848410757947,10713.1,0.23838630806845965,38615.2,0.2628361858190709,5585.73,0.24205378973105135,37669.6,0.0647921760391198,11973.3
55,1552,0.39884020618556704,3056.11,0.2190721649484536,24312.1,0.3002577319587629,24663.5,0.21713917525773196,24312.1,0.31056701030927836,24653.9,0.2190721649484536,24312.1,0.38208762886597936,804.379,0.21585051546391754,24317.1,0.37757731958762886,804.931,0.20747422680412372,22653.1,0.2777061855670103,35644.9,0.20167525773195877,22651.9,0.3543814432989691,1457,0.1952319587628866,22651.9,0.3472938144329897,511.209,0.19201030927835053,22651.9,0.32087628865979384,26576.9,0.19007731958762886,22651.9,0.18041237113402062,17517.4,0.15850515463917525,22647.2,0.16623711340206185,32224.3,0.03994845360824742,30964.2
56,1799,0.5419677598665925,6901.6,0.29405225125069484,18974.9,0.5352973874374652,9441.14,0.2934963868816009,18974.9,0.5264035575319622,9411.61,0.2857142857142857,18974.9,0.5125069483046136,8539.9,0.2884936075597554,18976.4,0.48971650917176207,3528.74,0.2784880489160645,6861.45,0.47804335742078935,5601.29,0.27015008337965535,6861.45,0.443023902167871,5600.38,0.26848249027237353,6852.6,0.4280155642023346,5611,0.26181211784324626,6852.6,0.40967204002223456,7664.49,0.2584769316286826,6852.6,0.2423568649249583,15996.2,0.2056698165647582,6852.6,0.20233463035019456,35381,0.040022234574763754,20369.9
57,676,0.8032544378698225,100.586,0.4068047337278107,4174.28,0.7958579881656804,100.539,0.4068047337278107,4174.28,0.7751479289940828,415.807,0.4068047337278107,4174.28,0.7381656804733728,730.604,0.40976331360946744,2398.52,0.735207100591716,827.191,0.40828402366863903,2402.38,0.6937869822485208,2126.27,0.3979289940828402,2035.81,0.6227810650887574,8862.04,0.3994082840236686,2815.51,0.5931952662721893,8847.52,0.39644970414201186,2815.51,0.5576923076923077,8847.52,0.39201183431952663,4695.04,0.26627218934911245,23906.7,0.28846153846153844,2811.83,0.3683431952662722,23906.7,0.047337278106508875,9236.79
58,1791,0.4260189838079285,100,0.22389726409826913,5192.94,0.39865996649916247,16354.1,0.2216638749302066,5198.57,0.41820212171970966,100.71,0.22278056951423786,5197.3,0.40815187046342827,5966.11,0.22110552763819097,5198.57,0.39977666108319376,12617.1,0.22054718034617532,5217.68,0.38470128419877164,8825.17,0.21496370742601897,5204.53,0.361250697934115,26351.7,0.21440536013400335,5204.53,0.350642099385818,12746.3,0.21273031825795644,5192.94,0.33556672250139585,13348.8,0.21105527638190955,5192.94,0.12339475153545505,34486,0.17420435510887772,4247.58,0.1423785594639866,40460.5,0.04075935231714126,17380.7
59,1721,0.28994770482277743,35066.7,0.15514235909355026,244534,0.28820453224869264,200.334,0.15398024404416036,244534,0.284137129575828,142.231,0.15339918651946544,244534,0.27948866937826844,200.259,0.1557234166182452,6030.93,0.2713538640325392,2781.16,0.15223707147007554,6050.12,0.25217896571760606,9318.87,0.1504938988959907,6030.93,0.25101685066821616,9318.87,0.1481696687972109,6030.93,0.2411388727484021,9320.52,0.14875072632190586,35092.6,0.2359093550261476,9329.09,0.1452643811737362,34945.5,0.11853573503776874,16803.7,0.11969785008715862,5471.42,0.0830912260313771,35986.4,0.02440441603718768,246136
60,1714,0.4632438739789965,1897.37,0.2456242707117853,49537,0.4509918319719953,1897.37,0.2456242707117853,49529.4,0.44632438739789965,11423.6,0.2456242707117853,49537,0.441073512252042,3511.96,0.2456242707117853,49504.7,0.42123687281213534,1909.91,0.24095682613768962,49504.7,0.3908984830805134,6538.89,0.23687281213535588,49504.7,0.396732788798133,5614.98,0.2281213535589265,49504.7,0.3897316219369895,5614.98,0.2176196032672112,49504.7,0.38039673278879815,4096.82,0.21703617269544925,49537,0.15927654609101516,20926.4,0.17561260210035007,49499.6,0.044340723453908985,32803,0.03733955659276546,51382.6
61,1749,0.6449399656946827,1131.37,0.3361921097770154,16412.3,0.6106346483704974,28356,0.3401943967981704,16413.4,0.6157804459691252,28356,0.3350485991995426,29987.2,0.6295025728987993,2846.05,0.3361921097770154,29876.6,0.6037735849056604,6906.96,0.3350485991995426,29876.6,0.5591766723842195,8040.93,0.32532875929102345,28131.6,0.559748427672956,7130.79,0.3190394511149228,29983.3,0.538021726700972,16666.4,0.3133218982275586,29983.3,0.5425957690108634,4401.91,0.30931961120640367,28137.2,0.2715837621497999,24438.4,0.2538593481989708,29987.5,0.19954259576901087,41449.9,0.06403659233847914,31251.4
62,1673,0.49372384937238495,362.652,0.269575612671847,5962.9,0.47638971906754335,3502.51,0.26778242677824265,5975.51,0.4775851763299462,1220.03,0.2630005977286312,1.57197e+07,0.4656306037059175,1223.25,0.26240286909742977,1.57199e+07,0.4476987447698745,2005.34,0.25403466826060966,1.57197e+07,0.4399282725642558,2002.83,0.24865511057979678,5975.51,0.41721458457860133,2005.54,0.24626419605499103,5304.69,0.40107591153616257,4822.79,0.242080095636581,5304.69,0.40346682606096834,4547.11,0.2349073520621638,1.57199e+07,0.14943215780035865,43741.4,0.20203227734608487,1.57199e+07,0.025702331141661684,76530.1,0.049013747758517634,1.57143e+07
63,1697,0.779021803182086,707.107,0.40954625810253387,9510.82,0.7766647024160283,713.779,0.40424278137890396,9491.55,0.7613435474366529,10725,0.4036535061873895,9491.55,0.7442545668827343,10105.8,0.4001178550383029,9491.55,0.7424867413081909,2648.6,0.39776075427224517,9511.83,0.6888626988803771,12715.2,0.3877430760164997,9511.83,0.6800235710076605,12715.2,0.3865645256334708,9511.83,0.6552740129640542,11693.2,0.38538597525044194,9491.55,0.6599882144961697,8969.26,0.3842074248674131,9495.56,0.29876252209781967,27008,0.3187978786093105,8254.5,0.309958750736594,29855.4,0.08780200353565115,10738.5
64,1374,0.86608442503639,1236.93,0.45269286754002913,5145.9,0.8602620087336245,1244.82,0.4519650655021834,5145.9,0.8478893740902474,1412.42,0.44759825327510916,3480.4,0.8282387190684134,5604.71,0.4468704512372635,5153.43,0.7700145560407569,10785.9,0.44395924308588064,5153.43,0.7707423580786026,4501.43,0.4395924308588064,5155.31,0.7183406113537117,8045.85,0.4366812227074236,5155.31,0.6921397379912664,10095.8,0.4366812227074236,5155.31,0.6695778748180495,11988,0.433042212518195,4607.44,0.24599708879184862,32022.4,0.33260553129548764,4481.49,0.43377001455604075,31576.4,0.05895196506550218,17465.6
65,1223,0.9149632052330335,100,0.47097301717089124,4427.12,0.9116925592804579,100.76,0.47097301717089124,4427.12,0.9051512673753066,2505.99,0.4677023712183156,4431.31,0.892886345053148,652.312,0.4677023712183156,4431.81,0.8781684382665577,2136.75,0.4652493867538839,4434.17,0.8454619787408013,7028.49,0.4562551103843009,4432.68,0.8323793949304987,6721.85,0.45461978740801307,4328.77,0.820932134096484,6786.7,0.45298446443172524,4328.77,0.7906786590351594,17460.5,0.45216680294358136,4332.83,0.25674570727718726,29507.1,0.3785772690106296,4171.17,0.4439901880621423,41716.7,0.07931316434995912,11367.6
66,1009,0.8919722497522299,7244.31,0.4618434093161546,7247.07,0.8840436075322101,7244.31,0.45986124876114964,9400.53,0.8404360753221011,7709.33,0.4618434093161546,7247.07,0.8275520317145689,7709.33,0.466798810703667,9400.53,0.7938553022794846,25075.7,0.4618434093161546,9400.53,0.686818632309217,23840.7,0.45490584737363726,9400.53,0.7145688800792864,23832.8,0.45490584737363726,9400.53,0.6511397423191279,23832.8,0.45589692765113976,9400.53,0.6293359762140733,23881.8,0.4509415262636274,9400.53,0.2556987115956392,29722.8,0.3657086223984143,7295.06,0.40336967294350845,46860.9,0.06739345887016848,171017
67,4,0.25,-1,0.0,-1,0.25,-1,0.0,-1,0.25,-1,0.0,-1,0.25,-1,0.0,-1,0.25,-1,0.0,-1,0.25,-1,0.0,-1,0.25,-1,0.0,-1,0.25,-1,0.0,-1,0.25,-1,0.0,-1,0.25,-1,0.0,-1,0.25,-1,0.0,-1
68,2184,0.7825091575091575,6251.51,0.41620879120879123,4748.7,0.7651098901098901,6674.59,0.41620879120879123,4748.7,0.7344322344322345,7207.32,0.4157509157509158,4748.7,0.7115384615384616,6382.4,0.4139194139194139,3864.78,0.6712454212454212,14645.2,0.41208791208791207,3864.78,0.6254578754578755,9698.71,0.41025641025641024,3864.78,0.5842490842490843,36398.7,0.4107142857142857,3188.97,0.5462454212454212,36775.5,0.4107142857142857,3188.97,0.5357142857142857,36628.6,0.40934065934065933,3188.97,0.19642857142857142,42946.9,0.33287545787545786,4617.6,0.3942307692307692,37857,0.0695970695970696,11538.3
69,3160,0.5325949367088607,1417.6,0.2901898734177215,11626.2,0.5253164556962026,1415.84,0.2870253164556962,11626.2,0.4889240506329114,2996.13,0.2772151898734177,36443.2,0.46329113924050636,1852.52,0.2670886075949367,36443.2,0.40917721518987343,18140.8,0.2509493670886076,30130.3,0.34177215189873417,16805.7,0.2430379746835443,36407.3,0.3291139240506329,30817,0.23765822784810126,36404.6,0.3278481012658228,31130.1,0.23512658227848102,36404.6,0.30949367088607593,31698.8,0.23322784810126582,36404.6,0.11455696202531646,40840.4,0.18037974683544303,36472.1,0.1458860759493671,42816,0.030063291139240507,36429.7
70,766,0.6762402088772846,23727.9,0.3642297650130548,26263.7,0.6840731070496083,23727.9,0.3642297650130548,26263.7,0.664490861618799,23528.1,0.360313315926893,28036.8,0.6566579634464752,23528.1,0.35900783289817234,26263.7,0.6279373368146214,23528.1,0.35509138381201044,23727.8,0.5639686684073107,23528.1,0.3472584856396867,23727.8,0.5966057441253264,23528.1,0.34595300261096606,23727.8,0.5143603133159269,23534.2,0.34464751958224543,23727.8,0.5169712793733682,23528.1,0.34203655352480417,23727.8,0.21801566579634465,24935.5,0.2780678851174935,23727.8,0.16840731070496084,43921.8,0.07049608355091384,26436.9
71,2082,0.7473583093179635,1555.97,0.38568683957732947,255725,0.7295869356388088,3779.36,0.3861671469740634,255725,0.6071085494716618,29729.3,0.38808837656099904,4166.61,0.6714697406340058,9589.06,0.3861671469740634,4161.88,0.6618635926993276,9452.66,0.3852065321805956,5445.85,0.6354466858789626,9438.44,0.38472622478386165,5445.85,0.5672430355427474,14756.7,0.382804995196926,6064.14,0.5465898174831892,18302.9,0.382804995196926,6064.14,0.49807877041306436,20025.8,0.38376560999039383,6064.14,0.17146974063400577,256848,0.3184438040345821,6046.85,0.3448607108549472,28616,0.05763688760806916,255734
72,1688,0.8791469194312796,66.9635,0.44135071090047395,8130.19,0.8732227488151659,184.162,0.44135071090047395,8130.19,0.8548578199052133,306.066,0.4425355450236967,8130.19,0.8062796208530806,31726.2,0.4437203791469194,8130.19,0.7997630331753555,2378.49,0.4437203791469194,8130.19,0.7683649289099526,10331,0.4437203791469194,8130.19,0.7197867298578199,10247.6,0.44135071090047395,8130.79,0.6901658767772512,24672.6,0.4377962085308057,8130.79,0.6380331753554502,24673.3,0.4377962085308057,8130.19,0.17180094786729858,49908.1,0.3524881516587678,12715.3,0.3453791469194313,37371.1,0.06575829383886256,23663.5
73,1098,0.8132969034608379,100.781,0.424408014571949,7991.09,0.8096539162112932,315.32,0.424408014571949,7991.09,0.8014571948998178,6095.46,0.42531876138433516,7991.09,0.7723132969034608,16271.6,0.42531876138433516,7991.09,0.7540983606557377,16271.6,0.4262295081967213,7996.11,0.7240437158469946,16272.4,0.4225865209471767,7996.11,0.5318761384335154,28864.3,0.41530054644808745,7996.11,0.5273224043715847,28864.3,0.4143897996357013,7996.11,0.5081967213114754,28864.3,0.4143897996357013,7996.11,0.30145719489981787,28784.7,0.3333333333333333,7991.33,0.25045537340619306,28899,0.08287795992714025,11295.9
74,1417,0.6781933662667607,100.274,0.35285815102328866,6926.62,0.6407904022582922,13281.8,0.3549752999294284,6943.77,0.6055045871559633,18752.5,0.3570924488355681,6943.77,0.6541990119971771,423.089,0.34932956951305577,6943.77,0.5920959774170783,17184.2,0.3450952717007763,5370.94,0.5906845448129852,14939.2,0.3330980945659845,5295.77,0.565984474241355,9022.32,0.32886379675370503,6940.59,0.5582215949188426,14938.2,0.32815808045165845,6926.62,0.5419901199717714,14938.2,0.32180663373323926,6943.77,0.2208892025405787,18955.5,0.26887791107974596,6930,0.3211009174311927,19090.9,0.05998588567395907,19312.6
75,1714,0.5857642940490082,224.733,0.31330221703617267,4685.95,0.5840140023337222,316.257,0.3098016336056009,4623.38,0.543757292882147,26175.9,0.3121353558926488,4625.39,0.5530921820303384,3681.09,0.3080513418903151,4603.12,0.5268378063010501,2765.88,0.29813302217036175,11584.4,0.5035005834305718,9728.34,0.2852975495915986,11583.7,0.47724620770128356,9728.58,0.28004667444574094,23908.9,0.40373395565927656,20192.4,0.2782963827304551,11612.5,0.4089848308051342,18563.7,0.27129521586931155,11583.7,0.2310385064177363,28504.4,0.22695449241540255,11581.4,0.1441073512252042,33531.9,0.051925320886814466,28632.4
76,998,0.6362725450901804,4889.32,0.33266533066132264,15546.6,0.6432865731462926,2894.24,0.3286573146292585,15546.6,0.6432865731462926,3612.17,0.3406813627254509,14167.1,0.6432865731462926,3612.17,0.33266533066132264,14218.6,0.624248496993988,3612.17,0.3316633266533066,15546.8,0.6102204408817635,3612.17,0.32064128256513025,14179.5,0.594188376753507,15780.7,0.31462925851703405,14157,0.5991983967935872,2899.49,0.313627254509018,14157,0.5921843687374749,4479.64,0.3106212424849699,14157,0.39579158316633267,20354,0.2665330661322645,14218.6,0.3927855711422846,18560.7,0.07114228456913828,19211
77,1663,0.5676488274203247,1835.76,0.29404690318701143,11610.6,0.5640408899579074,1835.76,0.2928442573662057,11610.6,0.544798556825015,1835.76,0.29344558027660855,10817.8,0.5189416716776909,3342.15,0.2898376428141912,10821.6,0.4810583283223091,4020.56,0.27961515333734216,10817.8,0.45700541190619365,79083.3,0.26217678893565843,73481,0.4401683704149128,3969.89,0.2507516536380036,8796.47,0.42032471437161756,3975.64,0.2417318099819603,78210,0.4185207456404089,3975.64,0.2375225496091401,78210,0.2555622369212267,12330.7,0.19422730006013228,10821.6,0.23571858087793146,18401.9,0.03187011425135298,72747.7
78,985,0.5928934010152285,2500,0.31065989847715736,2.06998e+06,0.583756345177665,2512.74,0.31065989847715736,2.06998e+06,0.5786802030456852,2512.55,0.31065989847715736,2.06998e+06,0.5675126903553299,2723.72,0.3096446700507614,2.06998e+06,0.5492385786802031,2731.14,0.3035532994923858,2.06998e+06,0.5055837563451777,3431.79,0.3065989847715736,2.06998e+06,0.4588832487309645,11911.9,0.2984771573604061,2.06998e+06,0.3766497461928934,18799.2,0.29746192893401013,2.06998e+06,0.3583756345177665,18803.7,0.29441624365482233,2.06998e+06,0.18883248730964466,19489.9,0.22842639593908629,2.06998e+06,0.17969543147208122,25416.7,0.04060913705583756,2.06848e+06
79,1766,0.3765571913929785,66475,0.19535673839184597,66227,0.3714609286523216,66475,0.19535673839184597,66227,0.3708946772366931,566.036,0.19365798414496035,66227,0.3646659116647792,1703.35,0.19365798414496035,66227,0.3448471121177803,66474.6,0.19535673839184597,66634.4,0.3278595696489241,66474,0.19309173272933183,66227,0.32276330690826727,2699.44,0.1913929784824462,66227,0.31257078142695355,2698.86,0.19082672706681766,66227,0.29218573046432617,3007.06,0.1896942242355606,66227,0.10702151755379388,20384.6,0.15458663646659115,66634.4,0.12117780294450736,30783.4,0.03454133635334088,66234.9
80,1193,0.8130762782900252,1316.32,0.42330259849119867,4141.22,0.8097233864207879,1316.32,0.42162615255658004,4205.49,0.7560771165129925,10998.4,0.42078792958927075,4205.49,0.757753562447611,7272.97,0.42078792958927075,4205.49,0.5222129086336965,33554.7,0.42078792958927075,4205.49,0.5146689019279128,22171.5,0.41408214585079633,4205.49,0.6202849958088852,25619.4,0.4090528080469405,4205.49,0.575859178541492,25609.4,0.4082145850796312,4205.49,0.4107292539815591,102136,0.4065381391450126,4205.49,0.1978206202849958,35320.6,0.34199497066219614,4989.42,0.23051131601005867,102136,0.06454316848281642,12064
81,1795,0.38495821727019497,201.816,0.20947075208913649,4110.78,0.3905292479108635,201.172,0.20779944289693594,3986.79,0.36100278551532033,713.996,0.2105849582172702,4110.78,0.37047353760445684,201.612,0.20891364902506965,4118.3,0.36044568245125347,1277.87,0.20501392757660167,4118.51,0.3426183844011142,7171.98,0.19498607242339833,4249.46,0.29303621169916433,12404,0.1905292479108635,4249.46,0.2935933147632312,2389.84,0.1871866295264624,3989.51,0.2902506963788301,2389.84,0.18050139275766017,4116.69,0.13259052924791087,18162.9,0.13871866295264623,5724.17,0.18161559888579387,25801.5,0.02116991643454039,21551.5
82,662,0.7779456193353474,901.636,0.3987915407854985,4687.37,0.7719033232628398,902.214,0.3987915407854985,4687.37,0.7326283987915407,34152,0.3972809667673716,4687.37,0.7386706948640483,4640.62,0.3987915407854985,4687.37,0.7235649546827795,33575.2,0.3957703927492447,4687.37,0.7099697885196374,33575.2,0.3987915407854985,4687.37,0.6812688821752266,33575.2,0.3972809667673716,4687.37,0.6646525679758308,33575.2,0.3957703927492447,4687.37,0.648036253776435,33575.2,0.3972809667673716,4684.4,0.1027190332326284,41104.6,0.3293051359516616,33472,0.015105740181268883,82003.7,0.1042296072507553,33483.8
83,973,0.8376156217882836,1315.29,0.43782117163412126,7732.11,0.8335046248715313,1315.29,0.43884892086330934,9008.4,0.8324768756423433,1315.29,0.4295991778006166,7734.25,0.8211716341212744,878.799,0.42754367934224047,7106.93,0.8139773895169579,878.799,0.4316546762589928,7713.03,0.7831449126413155,5029.23,0.42548818088386436,7713.03,0.7738951695786228,5029.23,0.4224049331963001,7713.03,0.7646454265159301,5029.23,0.4182939362795478,7712.29,0.775950668036999,3217.8,0.4172661870503597,8998.44,0.499486125385406,16666.1,0.3484069886947585,9003.56,0.33504624871531347,26033.2,0.09249743062692703,16986.4
84,2643,0.6042376087779039,451.102,0.3174423004161937,51705.6,0.5860764283011729,5767.23,0.3185773741959894,51705.6,0.5762391222096103,4297.22,0.318955732122588,51666.9,0.571320469163829,1246.58,0.3178206583427923,51666.9,0.5387816874763526,27207.5,0.3178206583427923,51666.9,0.5145667801740447,27259.5,0.3178206583427923,51666.9,0.49186530457813094,4956.28,0.3136587211502081,51666.9,0.4676503972758229,27208.1,0.3117669315172153,51666.9,0.4370034052213394,27208.1,0.3117669315172153,51666.9,0.2205826712069618,31978.3,0.25387816874763525,12514.6,0.21377222852818767,51560.7,0.0541051835035944,51853.5
85,1657,0.8292094146047073,864.126,0.4260712130356065,4727.59,0.8135184067592034,6129.6,0.4248642124321062,4727.59,0.7954133977066988,16621.9,0.42546771273385636,4722.64,0.7869643934821967,6131.14,0.42365721182860594,4714.45,0.6451418225709112,27475.5,0.42426071213035604,4722.64,0.7423053711526856,4191.67,0.4194327097163549,4722.64,0.7139408569704285,12433.1,0.41822570911285456,4722.64,0.7060953530476766,4193.84,0.41460470730235366,4722.64,0.6783343391671696,13326.1,0.4115872057936029,4015.28,0.26071213035606516,29334.2,0.3331321665660833,4732.71,0.3530476765238383,36912.8,0.07242003621001811,15785.6
86,1054,0.7381404174573055,8746.63,0.3927893738140417,9614.24,0.7371916508538899,8746.63,0.3908918406072106,9614.24,0.7314990512333965,8746.63,0.3899430740037951,9614,0.713472485768501,15794.5,0.3899430740037951,9614.24,0.6850094876660342,24511.8,0.3899430740037951,23699.6,0.6518026565464896,8746.63,0.38614800759013285,23705.9,0.5426944971537002,18775.6,0.38140417457305503,23705.9,0.5360531309297912,18775.6,0.38140417457305503,9618.57,0.5815939278937381,8746.63,0.38045540796963945,9618.57,0.25332068311195444,26911,0.30075901328273247,23705.9,0.2922201138519924,35061.9,0.06546489563567362,24649.6
87,1265,0.8711462450592885,403.125,0.44664031620553357,4430.03,0.857707509881423,4283.82,0.44664031620553357,4430.03,0.8458498023715415,487.128,0.4442687747035573,4427.27,0.8118577075098814,588.673,0.4450592885375494,4427.27,0.7794466403162056,4802.87,0.4482213438735178,4427.27,0.7375494071146245,2720.02,0.4474308300395257,4430.03,0.7027667984189724,9446.4,0.4442687747035573,4425.76,0.6719367588932806,10784,0.44189723320158103,4425.76,0.6403162055335968,20212.3,0.44110671936758894,4425.76,0.2015810276679842,28785,0.36205533596837947,3344.88,0.449802371541502,28696.9,0.062450592885375494,12535.2
88,1274,0.8296703296703297,50,0.434850863422292,5346.14,0.8139717425431711,15341.8,0.43563579277864994,5854.17,0.8155416012558869,100.121,0.4324960753532182,5854.17,0.8014128728414442,2351.78,0.41993720565149134,5854.17,0.7723704866562009,1425.07,0.41601255886970173,5822.28,0.7488226059654631,3568.98,0.41208791208791207,5854.17,0.7221350078492935,5155.08,0.40580847723704866,25750.8,0.7205651491365777,3960.64,0.40580847723704866,25750.8,0.7017268445839875,3960.64,0.4003139717425432,25750.8,0.2621664050235479,43026.3,0.30847723704866564,8130.35,0.2566718995290424,45187.7,0.06750392464678179,25715.5
89,1585,0.8170347003154574,6878.53,0.44100946372239747,6127.68,0.8037854889589905,3465.58,0.44227129337539434,6131.61,0.7735015772870663,6616.25,0.4340694006309148,6127.68,0.6996845425867508,10867.7,0.4309148264984227,6127.68,0.6706624605678233,13830.5,0.42965299684542585,6131.61,0.6712933753943218,13930.5,0.42649842271293376,6127.68,0.637223974763407,13973.3,0.42397476340694007,6127.68,0.5627760252365931,21479.5,0.4201892744479495,6127.68,0.5312302839116719,21479.5,0.416403785488959,6131.61,0.30914826498422715,26715.4,0.33690851735015775,6491.23,0.4801261829652997,21548.9,0.06056782334384858,11779.2
90,1254,0.8620414673046252,2624.88,0.44577352472089316,4922.22,0.8492822966507177,5661.03,0.44417862838915473,4922.22,0.7432216905901117,38363.6,0.44577352472089316,4448.16,0.6483253588516746,38352.7,0.44258373205741625,4435.03,0.6339712918660287,38352.7,0.43859649122807015,4913.84,0.6084529505582137,38352.7,0.43381180223285487,4913.84,0.6778309409888357,16499.6,0.43221690590111644,4922.22,0.7009569377990431,10223.6,0.4274322169059011,4920.22,0.6706539074960127,12129.8,0.42424242424242425,4920.22,0.18181818181818182,47217.1,0.34768740031897927,5013.33,0.2687400318979266,44847.5,0.08133971291866028,11940.3
91,1770,0.7870056497175141,2303.13,0.4175141242937853,50268.9,0.7740112994350282,5165.54,0.4152542372881356,50268.9,0.7446327683615819,9106.13,0.41468926553672314,4148.33,0.6519774011299435,16879.1,0.40847457627118644,50018.3,0.611864406779661,19274.4,0.3977401129943503,50338,0.6186440677966102,6713.2,0.3926553672316384,50338,0.6,6710.31,0.38926553672316383,50286.9,0.5265536723163842,17400.8,0.38757062146892657,50286.9,0.5112994350282486,17400.8,0.38531073446327685,50286.9,0.2327683615819209,23508.8,0.2983050847457627,50021.5,0.13785310734463277,29911.9,0.0519774011299435,50002.9
92,754,0.623342175066313,50.1532,0.3209549071618037,10345.2,0.623342175066313,50.1532,0.3249336870026525,9182.9,0.002652519893899204,57494.9,0.3222811671087533,10345.2,0.6021220159151194,2515.48,0.32625994694960214,8075.08,0.6007957559681698,1240.68,0.3249336870026525,8075.08,0.5888594164456233,376.659,0.3209549071618037,9167.17,0.5848806366047745,377.17,0.3183023872679045,8075.08,0.583554376657825,834.122,0.3129973474801061,8075.08,0.5729442970822282,5424.36,0.3116710875331565,8075.08,0.42572944297082227,19030.4,0.28514588859416445,10334.4,0.0623342175066313,59898.5,0.11007957559681697,13140.4
93,1680,0.5529761904761905,2941.09,0.29404761904761906,227616,0.5458333333333333,2962.2,0.29523809523809524,227616,0.5333333333333333,2941.09,0.27976190476190477,227737,0.506547619047619,17078.2,0.2642857142857143,227737,0.506547619047619,4201.19,0.25952380952380955,227616,0.5095238095238095,4203.85,0.25476190476190474,227616,0.5101190476190476,2970.45,0.25476190476190474,227616,0.5005952380952381,3322.85,0.25416666666666665,227616,0.5101190476190476,3322.85,0.25476190476190474,227616,0.26071428571428573,18069.2,0.21011904761904762,227616,0.21845238095238095,31838.9,0.05,231892
94,1629,0.3228974831184776,2999.96,0.1761817065684469,17680.6,0.32903621853898096,100.01,0.17556783302639656,17655.4,0.3179864947820749,2047.13,0.1712707182320442,17680.6,0.3118477593615715,1331.37,0.17065684468999387,17994.6,0.29895641497851444,1886.7,0.17004297114794353,17994.6,0.29158993247391035,4933.56,0.16574585635359115,17994.6,0.27808471454880296,8172.26,0.16083486801718846,18023.6,0.2713321055862492,10122.9,0.15837937384898712,18023.6,0.2658072437077962,10122.9,0.15715162676488642,18023.6,0.16697360343769183,14712.5,0.1338244321669736,17680.6,0.13505217925107427,17454.3,0.03806015960712093,18010.5
95,838,0.6050119331742243,100,0.3221957040572792,6927.56,0.5978520286396182,2780.96,0.3233890214797136,6914.63,0.5930787589498807,2780.96,0.31861575178997614,6927.56,0.5727923627684964,1726.27,0.31145584725536996,7025.15,0.5560859188544153,458.166,0.31145584725536996,7025.15,0.5381861575178998,243.974,0.301909307875895,7735.84,0.5286396181384249,312.775,0.301909307875895,7812.1,0.522673031026253,3306.53,0.2911694510739857,7812.1,0.5155131264916468,3306.74,0.28997613365155134,7812.1,0.3329355608591885,16462.7,0.2386634844868735,10339.5,0.3854415274463007,19587.1,0.06443914081145585,11640.8
96,1002,0.7544910179640718,5188.45,0.38622754491017963,1.53544e+06,0.7514970059880239,5188.45,0.38922155688622756,1.53544e+06,0.7375249500998003,21139.7,0.3902195608782435,1.53664e+06,0.7055888223552894,15464.8,0.3972055888223553,1.53664e+06,0.6976047904191617,15464.8,0.38622754491017963,1.53563e+06,0.7065868263473054,21139.7,0.37425149700598803,1.53563e+06,0.6996007984031936,21139.7,0.37325349301397204,1.53563e+06,0.6956087824351297,21139.7,0.3722554890219561,1.53563e+06,0.6936127744510978,5226.7,0.36726546906187624,1.53563e+06,0.4590818363273453,18649.5,0.33033932135728544,10160.4,0.23053892215568864,1.54e+06,0.10578842315369262,1.53319e+06
97,904,0.5564159292035398,792.734,0.2975663716814159,8511.43,0.540929203539823,13301.5,0.29314159292035397,8511.43,0.536504424778761,15493.2,0.3053097345132743,8842.39,0.5387168141592921,15493.2,0.31194690265486724,7576.9,0.5176991150442478,3753.1,0.29867256637168144,8806.32,0.5055309734513275,585.53,0.2831858407079646,9036.02,0.5077433628318584,584.642,0.27654867256637167,9073.03,0.48783185840707965,19845.7,0.27654867256637167,9073.03,0.4823008849557522,19845.7,0.2743362831858407,9073.03,0.3219026548672566,15450.4,0.23119469026548672,9055.95,0.03982300884955752,60564.3,0.07300884955752213,15690.3
98,1836,0.4989106753812636,6526.36,0.26742919389978215,9613.56,0.4934640522875817,6526.36,0.2668845315904139,9613.56,0.4918300653594771,6527.32,0.2636165577342048,9613.56,0.4874727668845316,6527.32,0.2630718954248366,9613.56,0.47549019607843135,2478.03,0.264161220043573,9613.56,0.44607843137254904,7475.72,0.2647058823529412,9613.56,0.44607843137254904,8488.95,0.2630718954248366,9613.56,0.42483660130718953,12919.1,0.26143790849673204,9613.56,0.420479302832244,12919.1,0.2608932461873638,9613.56,0.17919389978213507,24144.8,0.20915032679738563,9622.87,0.21459694989106753,26556.5,0.04302832244008715,13257
99,865,0.48554913294797686,100,0.25317919075144507,2.109e+06,0.15722543352601157,2.11195e+06,0.25780346820809247,2.1091e+06,0.4508670520231214,13711.7,0.261271676300578,2.1091e+06,0.4647398843930636,350.338,0.26473988439306356,2.1091e+06,0.4624277456647399,483.784,0.26011560693641617,23941.5,0.43815028901734104,6106.36,0.2508670520231214,23941.5,0.42427745664739885,7170.2,0.2543352601156069,22196.2,0.37572254335260113,10358.1,0.2508670520231214,22190.8,0.40809248554913297,7653.53,0.24046242774566473,23976.6,0.28901734104046245,20156.4,0.2161849710982659,23951.5,0.1838150289017341,53468.2,0.09017341040462427,23971.5
100,1323,0.8435374149659864,100.801,0.436885865457294,6281.72,0.8405139833711263,100.685,0.4308390022675737,6281.72,0.8208616780045351,416.21,0.43159486016628873,6281.72,0.8072562358276644,416.21,0.4331065759637188,6285.72,0.7732426303854876,710.297,0.4331065759637188,6281.72,0.7324263038548753,2882.41,0.436130007558579,6281.72,0.6938775510204082,6531.55,0.42630385487528344,6295.16,0.6500377928949358,7084.42,0.42252456538170824,6295.16,0.63718820861678,7084.42,0.41950113378684806,6281.72,0.291005291005291,27995.2,0.328042328042328,6291.75,0.21164021164021163,47897.9,0.06046863189720333,14480.1
